<?xml version="1.0" encoding="utf-8"?>
<doc>
<assembly><name>FSharp.Data.Experimental</name></assembly>
<members>
<member name="T:AssemblyInfo">

</member>
<member name="">

</member>
<member name="">

</member>
<member name="">

</member>
<member name="">

</member>
<member name="">

</member>
<member name="">

</member>
<member name="">

</member>
<member name="">

</member>
<member name="">

</member>
<member name="">

</member>
<member name="">

</member>
<member name="">

</member>
<member name="">

</member>
<member name="">

</member>
<member name="">

</member>
<member name="">

</member>
<member name="M:FSharp.Data.Json.JsonValue.Parse(System.String,Microsoft.FSharp.Core.FSharpOption{System.Globalization.CultureInfo})">
<summary>
 Parses the specified JSON string
</summary>
</member>
<member name="M:FSharp.Data.Json.JsonValue.Load(System.String,Microsoft.FSharp.Core.FSharpOption{System.Globalization.CultureInfo})">
<summary>
 Loads JSON from the specified uri
</summary>
</member>
<member name="M:FSharp.Data.Json.JsonValue.Load(System.IO.TextReader,Microsoft.FSharp.Core.FSharpOption{System.Globalization.CultureInfo})">
<summary>
 Loads JSON from the specified reader
</summary>
</member>
<member name="M:FSharp.Data.Json.JsonValue.Load(System.IO.Stream,Microsoft.FSharp.Core.FSharpOption{System.Globalization.CultureInfo})">
<summary>
 Loads JSON from the specified stream
</summary>
</member>
<member name="T:FSharp.Data.Json.JsonValue">
<summary>
 Represents a JSON value. Large numbers that do not fit in the 
 Decimal type are represented using the Float case, while
 smaller numbers are represented as decimals to avoid precision loss.
</summary>
</member>
<member name="M:FSharp.Data.Json.Extensions.op_Dynamic(FSharp.Data.Json.JsonValue,System.String)">
<summary>
 Get property of a JSON object (assuming that the value is an object)
</summary>
</member>
<member name="M:FSharp.Data.Json.Extensions.JsonValue.GetProperty(FSharp.Data.Json.JsonValue,System.String)">
<summary>
 Get property of a JSON object. Fails if the value is not an object
 or if the property is not present
</summary>
</member>
<member name="M:FSharp.Data.Json.Extensions.JsonValue.TryGetProperty(FSharp.Data.Json.JsonValue,System.String)">
<summary>
 Try get property of a JSON object. Returns None if the value is not
 an object or if the property is not present.
</summary>
</member>
<member name="M:FSharp.Data.Json.Extensions.JsonValue.get_Properties(FSharp.Data.Json.JsonValue)">
<summary>
 Get a sequence of key-value pairs representing the properties of an object
 (assuming that the value is an object)
</summary>
</member>
<member name="M:FSharp.Data.Json.Extensions.JsonValue.get_InnerText(FSharp.Data.Json.JsonValue)">
<summary>
 Get inner text of an element - this includes just string nodes and
 string nodes in an array (e.g. multi-line string represented as array)
 (assuming that the value is a string or array of strings)
</summary>
</member>
<member name="M:FSharp.Data.Json.Extensions.JsonValue.AsGuid``1(FSharp.Data.Json.JsonValue,Microsoft.FSharp.Core.FSharpOption{``0})">
<summary>
 Get the guid value of an element (assuming that the value is a guid)
</summary>
</member>
<member name="M:FSharp.Data.Json.Extensions.JsonValue.AsBoolean(FSharp.Data.Json.JsonValue,Microsoft.FSharp.Core.FSharpOption{System.Globalization.CultureInfo})">
<summary>
 Get the boolean value of an element (assuming that the value is a boolean)
</summary>
</member>
<member name="M:FSharp.Data.Json.Extensions.JsonValue.AsInteger64(FSharp.Data.Json.JsonValue,Microsoft.FSharp.Core.FSharpOption{System.Globalization.CultureInfo})">
<summary>
 Get a number as a 64-bit integer (assuming that the value fits in 64-bit integer)
</summary>
</member>
<member name="M:FSharp.Data.Json.Extensions.JsonValue.AsInteger(FSharp.Data.Json.JsonValue,Microsoft.FSharp.Core.FSharpOption{System.Globalization.CultureInfo})">
<summary>
 Get a number as an integer (assuming that the value fits in integer)
</summary>
</member>
<member name="M:FSharp.Data.Json.Extensions.JsonValue.AsDecimal(FSharp.Data.Json.JsonValue,Microsoft.FSharp.Core.FSharpOption{System.Globalization.CultureInfo})">
<summary>
 Get a number as a decimal (assuming that the value fits in decimal)
</summary>
</member>
<member name="M:FSharp.Data.Json.Extensions.JsonValue.AsFloat(FSharp.Data.Json.JsonValue,Microsoft.FSharp.Core.FSharpOption{System.Globalization.CultureInfo})">
<summary>
 Get a number as a float (assuming that the value is convertible to a float)
</summary>
</member>
<member name="M:FSharp.Data.Json.Extensions.JsonValue.AsDateTime(FSharp.Data.Json.JsonValue,Microsoft.FSharp.Core.FSharpOption{System.Globalization.CultureInfo})">
<summary>
 Get the datetime value of an element (assuming that the value is a string
 containing well-formed ISO date or MSFT JSON date)
</summary>
</member>
<member name="M:FSharp.Data.Json.Extensions.JsonValue.AsString(FSharp.Data.Json.JsonValue,Microsoft.FSharp.Core.FSharpOption{System.Globalization.CultureInfo})">
<summary>
 Get the string value of an element (assuming that the value is a scalar)
</summary>
</member>
<member name="M:FSharp.Data.Json.Extensions.JsonValue.GetEnumerator(FSharp.Data.Json.JsonValue)">
<summary>
 Get all elements of a JSON object (assuming that the value is an array)
</summary>
</member>
<member name="M:FSharp.Data.Json.Extensions.JsonValue.get_Item(FSharp.Data.Json.JsonValue,System.String)">
<summary>
 Assuming the value is an object, get value with the specified name
</summary>
</member>
<member name="M:FSharp.Data.Json.Extensions.JsonValue.get_Item(FSharp.Data.Json.JsonValue,System.Int32)">
<summary>
 Assuming the value is an array, get the value at a specified index
</summary>
</member>
<member name="M:FSharp.Data.Json.Extensions.JsonValue.AsArray(FSharp.Data.Json.JsonValue)">
<summary>
 Get all elements of a JSON object (assuming that the value is an array)
</summary>
</member>
<member name="T:FSharp.Data.Json.Extensions">
<summary>
 Adds extension methods that can be used to work with JsonValue in a less safe, 
 but shorter way. The module also provides the dynamic operator.
</summary>
</member>
<member name="">

</member>
<member name="M:FSharp.Data.RuntimeImplementation.JsonDocument.Create(FSharp.Data.Json.JsonValue)">
<summary>
 Creates a JsonDocument representing the specified value
</summary>
</member>
<member name="T:FSharp.Data.RuntimeImplementation.JsonDocument">
<summary>
 Underlying representation of the generated JSON types
</summary>
</member>
<member name="M:FSharp.Data.RuntimeImplementation.JsonOperations.TryGetValueByTypeTag``2(FSharp.Data.Json.JsonValue,System.String,System.Func{FSharp.Data.Json.JsonValue,``0},System.Func{``0,``1})">
<summary>
 Returns a single or no value by tag type
</summary>
</member>
<member name="M:FSharp.Data.RuntimeImplementation.JsonOperations.TryGetArrayChildByTypeTag``2(FSharp.Data.Json.JsonValue,System.String,System.Func{FSharp.Data.Json.JsonValue,``0},System.Func{``0,``1})">
<summary>
 Returns single or no value from an array matching the specified tag
</summary>
</member>
<member name="">

</member>
<member name="">

</member>
<member name="">

</member>
<member name="">

</member>
<member name="">

</member>
<member name="">

</member>
<member name="">

</member>
<member name="">

</member>
<member name="">

</member>
<member name="M:FSharp.Data.RuntimeImplementation.JsonOperations.GetArrayChildrenByTypeTag``2(FSharp.Data.Json.JsonValue,System.String,System.Func{FSharp.Data.Json.JsonValue,``0},System.Func{``0,``1})">
<summary>
 Returns all array values that match the specified tag
 (Follows the same pattern as ConvertXyz functions above)
</summary>
</member>
<member name="M:FSharp.Data.RuntimeImplementation.JsonOperations.GetArrayChildByTypeTag(FSharp.Data.Json.JsonValue,System.String)">
<summary>
 Returns a single array children that matches the specified tag
</summary>
</member>
<member name="M:FSharp.Data.RuntimeImplementation.JsonOperations.ConvertOptionalProperty``2(FSharp.Data.Json.JsonValue,System.String,System.Func{FSharp.Data.Json.JsonValue,``0},System.Func{``0,``1})">
<summary>
 Get optional property of a specified type
</summary>
</member>
<member name="M:FSharp.Data.RuntimeImplementation.JsonOperations.ConvertArray``2(FSharp.Data.Json.JsonValue,System.Func{FSharp.Data.Json.JsonValue,``0},System.Func{``0,``1})">
<summary>
 Converts JSON array to array of target types
 The `packer` function rebuilds representation type (such as
 `JsonDocument`) which is then passed to projection function `f`.
</summary>
</member>
<member name="T:FSharp.Data.RuntimeImplementation.JsonOperations">
<summary>
 Static helper methods called from the generated code
</summary>
</member>
<member name="">

</member>
<member name="M:FSharp.Data.RuntimeImplementation.Operations.OptionToNullable``1(Microsoft.FSharp.Core.FSharpOption{``0})">
<summary>
 Turn an F# option type Option&lt;&apos;T&gt; containing a primitive 
 value type into a .NET type Nullable&lt;&apos;T&gt;
</summary>
</member>
<member name="M:FSharp.Data.RuntimeImplementation.Operations.NullableToOption``1(System.Nullable{``0})">
<summary>
 Turn a .NET type Nullable&lt;&apos;T&gt; to an F# option type Option&lt;&apos;T&gt;
</summary>
</member>
<member name="">

</member>
<member name="M:FSharp.Data.RuntimeImplementation.Operations.GetNonOptionalValue``1(System.String,Microsoft.FSharp.Core.FSharpOption{``0},Microsoft.FSharp.Core.FSharpOption{System.String})">
<summary>
 Operation that extracts the value from an option and reports a
 meaningful error message when the value is not there

 We could just return defaultof&lt;&apos;T&gt; if the value is None, but that is not
 really correct, because this operation is used when the inference engine
 inferred that the value is always present. The user should update their
 sample to infer it as optional (and get None). If we use defaultof&lt;&apos;T&gt; we
 might return 0 and the user would not be able to distinguish between 0
 and missing value.
</summary>
</member>
<member name="M:FSharp.Data.RuntimeImplementation.Operations.GetCulture(System.String)">
<summary>
 Returns CultureInfo matching the specified culture string
 (or InvariantCulture if the argument is null or empty)
</summary>
</member>
<member name="">

</member>
<member name="">

</member>
<member name="">

</member>
<member name="">

</member>
<member name="">

</member>
<member name="">

</member>
<member name="">

</member>
<member name="">

</member>
<member name="">

</member>
<member name="">

</member>
<member name="">

</member>
<member name="">

</member>
<member name="">

</member>
<member name="">

</member>
<member name="">

</member>
<member name="">

</member>
<member name="M:FSharp.Data.RuntimeImplementation.Operations.AsOption(System.String)">
<summary>
 Turns empty or null string value into None, otherwise returns Some
</summary>
</member>
<member name="">

</member>
<member name="">

</member>
<member name="">

</member>
<member name="">

</member>
<member name="">

</member>
<member name="M:FSharp.Data.RuntimeImplementation.Operations.AsDateTime(System.IFormatProvider,System.String)">
<summary>
 Parse date time using either the JSON milliseconds format or using ISO 8601
 that is, either &quot;\/Date(&lt;msec-since-1/1/1970&gt;)\/&quot; or something
 along the lines of &quot;2013-01-28T00:37Z&quot;
</summary>
</member>
<member name="">

</member>
<member name="">

</member>
<member name="">

</member>
<member name="">

</member>
<member name="">

</member>
<member name="">

</member>
<member name="">

</member>
<member name="">

</member>
<member name="">

</member>
<member name="">

</member>
<member name="">

</member>
<member name="">

</member>
<member name="">

</member>
<member name="">

</member>
<member name="">

</member>
<member name="">

</member>
<member name="">

</member>
<member name="">

</member>
<member name="">

</member>
<member name="">

</member>
<member name="">

</member>
<member name="">

</member>
<member name="">

</member>
<member name="">

</member>
<member name="">

</member>
<member name="">

</member>
<member name="">

</member>
<member name="">

</member>
<member name="">

</member>
<member name="">

</member>
<member name="">

</member>
<member name="">

</member>
<member name="">

</member>
<member name="">

</member>
<member name="T:FSharp.Data.RuntimeImplementation.Apiary.ApiaryDocument">
<summary>
 Underlying representation of the generated JSON types
</summary>
</member>
<member name="">

</member>
<member name="">

</member>
<member name="">

</member>
<member name="">

</member>
<member name="">

</member>
<member name="">

</member>
<member name="">

</member>
<member name="">

</member>
<member name="">

</member>
<member name="T:FSharp.Data.RuntimeImplementation.Apiary.ApiaryUtils">

</member>
<member name="">

</member>
<member name="">

</member>
<member name="">

</member>
<member name="">

</member>
<member name="M:FSharp.Data.RuntimeImplementation.Helpers.asOption``1(System.Boolean,``0)">
<summary>
 Convert the result of TryParse to option type
</summary>
</member>
<member name="T:FSharp.Data.RuntimeImplementation.Helpers">

</member>
<member name="">

</member>
<member name="M:FSharp.Data.RuntimeImplementation.ProviderFileSystem.readTextAtRunTime(System.Boolean,System.String,System.String,System.String)">
<summary>
 Resolve a location of a file (or a web location) and open it for shared
 read at runtime (do not monitor file changes and use runtime resolution rules)
</summary>
</member>
<member name="M:FSharp.Data.RuntimeImplementation.ProviderFileSystem.asyncOpenStreamInProvider(System.Boolean,System.Boolean,System.String,Microsoft.FSharp.Core.FSharpOption{Microsoft.FSharp.Core.FSharpFunc{Microsoft.FSharp.Core.Unit,Microsoft.FSharp.Core.Unit}},System.String,System.Uri)">
<summary>
 Given a type provider configuration and a name passed by user, open 
 the uri and return it as a stream
</summary>
</member>
<member name="M:FSharp.Data.RuntimeImplementation.ProviderFileSystem.resolveUri(System.Boolean,System.Boolean,System.String,System.String,System.Uri)">
<summary>
 Resolve the absolute location of a file (or web URL) according to the rules
 used by standard F# type providers as described here:
 https://github.com/fsharp/fsharpx/issues/195#issuecomment-12141785

  * if it is web resource, just return it
  * if it is full path, just return it
  * otherwise..

    At design-time:
      * if the user specified resolution folder, use that
      * use the default resolution folder
    At run-time:
      * if the user specified resolution folder, use that
      * if it is running in F# interactive (config.IsHostedExecution) 
        use the default resolution folder
      * otherwise, use &apos;CurrentDomain.BaseDirectory&apos;

 Returns the resolved file name, together with a flag specifying 
 whether it is web based (and we need WebClient to download it)
</summary>
</member>
<member name="">

</member>
<member name="M:FSharp.Data.RuntimeImplementation.ProviderFileSystem.watchForChanges(Microsoft.FSharp.Core.FSharpFunc{Microsoft.FSharp.Core.Unit,Microsoft.FSharp.Core.Unit},System.String)">
<summary>
 If the file is not web based, setup an file system watcher that 
 invalidates the generated type whenever the file changes

 Asumes that the fileName is a valid file name on the disk
 (and not e.g. a web reference)
</summary>
</member>
<member name="T:FSharp.Data.RuntimeImplementation.ProviderFileSystem">

</member>
<member name="">

</member>
<member name="">

</member>
<member name="">

</member>
<member name="">

</member>
<member name="">

</member>
<member name="">

</member>
<member name="">

</member>
<member name="">

</member>
<member name="">

</member>
<member name="">

</member>
<member name="">

</member>
<member name="">

</member>
<member name="">

</member>
<member name="">

</member>
<member name="">

</member>
<member name="T:FSharp.Data.RuntimeImplementation.StructuralTypes.InferedType">
<summary>
 Represents inferred structural type. A type may be either primitive type
 (one of those listed by `primitiveTypes`) or it can be collection, 
 (named) record and heterogeneous type. We also have `Null` type (which is
 a subtype of all non-primitive types) and universal `Top` type.

  * For collection, we infer the types of different things that appear in 
    the collection and how many times they do.

  * A heterogeneous type (sum type) is simply a choice containing one
    of multiple different possibilities

 Why is collection not simply a list of Heterogeneous types? If we used that
 we would lose information about multiplicity and so we would not be able
 to generate nicer types!
</summary>
</member>
<member name="">

</member>
<member name="">

</member>
<member name="">

</member>
<member name="">

</member>
<member name="">

</member>
<member name="">

</member>
<member name="">

</member>
<member name="">

</member>
<member name="">

</member>
<member name="">

</member>
<member name="P:FSharp.Data.RuntimeImplementation.StructuralTypes.InferedTypeTag.Code">
<summary>
 Converts tag to string code that can be passed to generated code
</summary>
</member>
<member name="M:FSharp.Data.RuntimeImplementation.StructuralTypes.InferedTypeTag.ParseCode(System.String)">
<summary>
 Parses code returned by &apos;Code&apos; member (to be used in provided code)
</summary>
</member>
<member name="T:FSharp.Data.RuntimeImplementation.StructuralTypes.InferedTypeTag">
<summary>
 For heterogeneous types, this represents the tag that defines the form
 (that is either primitive type, collection, named record etc.)
</summary>
</member>
<member name="">

</member>
<member name="">

</member>
<member name="">

</member>
<member name="T:FSharp.Data.RuntimeImplementation.StructuralTypes.InferedMultiplicity">
<summary>
 For heterogeneous types (types that have multiple possible forms
 such as differently named XML nodes or records and arrays mixed together)
 this type represents the number of occurrences of individual forms
</summary>
</member>
<member name="">

</member>
<member name="">

</member>
<member name="">

</member>
<member name="">

</member>
<member name="T:FSharp.Data.RuntimeImplementation.StructuralTypes.InferedProperty">
<summary>
 A property of a record has a name and type and may be optional
</summary>
</member>
<member name="">

</member>
<member name="F:FSharp.Net.FSharp.Net.Http.runningOnMono">
<summary>
 Are we currently running on Mono?
 (Mono does not have the issue with encoding slashes in URLs, so we do not need workaround)
</summary>
</member>
<member name="">

</member>
<member name="M:FSharp.Net.Http.RequestDetailed``5(System.String,Microsoft.FSharp.Core.FSharpOption{``0},Microsoft.FSharp.Core.FSharpOption{``1},Microsoft.FSharp.Core.FSharpOption{System.String},Microsoft.FSharp.Core.FSharpOption{System.String},Microsoft.FSharp.Core.FSharpOption{``2},Microsoft.FSharp.Core.FSharpOption{``3},Microsoft.FSharp.Core.FSharpOption{System.Net.CookieContainer},Microsoft.FSharp.Core.FSharpOption{``4})">
<summary>
 Download an HTTP web resource from the specified URL synchronously
 (allows specifying query string parameters and HTTP headers including
 headers that have to be handled specially - such as Accept, Content-Type &amp; Referer)
 The body for POST request can be specified either as text or as a list of parameters
 that will be encoded, and the method will automatically be set if not specified
</summary>
</member>
<member name="M:FSharp.Net.Http.Request``5(System.String,Microsoft.FSharp.Core.FSharpOption{``0},Microsoft.FSharp.Core.FSharpOption{``1},Microsoft.FSharp.Core.FSharpOption{System.String},Microsoft.FSharp.Core.FSharpOption{System.String},Microsoft.FSharp.Core.FSharpOption{``2},Microsoft.FSharp.Core.FSharpOption{``3},Microsoft.FSharp.Core.FSharpOption{System.Net.CookieContainer},Microsoft.FSharp.Core.FSharpOption{``4})">
<summary>
 Download an HTTP web resource from the specified URL synchronously
 (allows specifying query string parameters and HTTP headers including
 headers that have to be handled specially - such as Accept, Content-Type &amp; Referer)
 The body for POST request can be specified either as text or as a list of parameters
 that will be encoded, and the method will automatically be set if not specified
</summary>
</member>
<member name="">

</member>
<member name="M:FSharp.Net.Http.AsyncRequestDetailed``5(System.String,Microsoft.FSharp.Core.FSharpOption{``0},Microsoft.FSharp.Core.FSharpOption{``1},Microsoft.FSharp.Core.FSharpOption{System.String},Microsoft.FSharp.Core.FSharpOption{System.String},Microsoft.FSharp.Core.FSharpOption{``2},Microsoft.FSharp.Core.FSharpOption{``3},Microsoft.FSharp.Core.FSharpOption{System.Net.CookieContainer},Microsoft.FSharp.Core.FSharpOption{``4})">
<summary>
 Download an HTTP web resource from the specified URL asynchronously
 (allows specifying query string parameters and HTTP headers including
 headers that have to be handled specially - such as Accept, Content-Type &amp; Referer)
 The body for POST request can be specified either as text or as a list of parameters
 that will be encoded, and the method will automatically be set if not specified
</summary>
</member>
<member name="M:FSharp.Net.Http.AsyncRequest``5(System.String,Microsoft.FSharp.Core.FSharpOption{``0},Microsoft.FSharp.Core.FSharpOption{``1},Microsoft.FSharp.Core.FSharpOption{System.String},Microsoft.FSharp.Core.FSharpOption{System.String},Microsoft.FSharp.Core.FSharpOption{``2},Microsoft.FSharp.Core.FSharpOption{``3},Microsoft.FSharp.Core.FSharpOption{System.Net.CookieContainer},Microsoft.FSharp.Core.FSharpOption{``4})">
<summary>
 Download an HTTP web resource from the specified URL asynchronously
 (allows specifying query string parameters and HTTP headers including
 headers that have to be handled specially - such as Accept, Content-Type &amp; Referer)
 The body for POST request can be specified either as text or as a list of parameters
 that will be encoded, and the method will automatically be set if not specified
</summary>
</member>
<member name="">

</member>
<member name="">

</member>
<member name="T:FSharp.Net.Http">
<summary>
 Utilities for working with network via HTTP. Includes methods for downloading 
 resources with specified headers, query parameters and HTTP body
</summary>
</member>
<member name="">

</member>
<member name="">

</member>
<member name="">

</member>
<member name="">

</member>
<member name="">

</member>
<member name="">

</member>
<member name="">

</member>
<member name="">

</member>
<member name="">

</member>
<member name="T:ProviderImplementation.HttpUtility">

</member>
</members>
</doc>
