﻿{"page":1,"results":[{"adult":false,"backdrop_path":"/zO26rEjusUhd2fAKh6pFqoMZHqH.jpg","id":72694,"original_title":"The Making of 'Star Wars'","release_date":"1977-09-16","poster_path":"/WgsInarGqxj5a33H1oO1IJACDU.jpg","popularity":0.374738,"title":"The Making of 'Star Wars'","vote_average":9.8,"vote_count":2},{"adult":false,"backdrop_path":null,"id":75380,"original_title":"Star Wars: Droids - The Pirate and the Prince","release_date":"1997-02-11","poster_path":"/tzMyVe7heytMepJJCJq21n6FGWV.jpg","popularity":0.4,"title":"Star Wars: Droids - The Pirate and the Prince","vote_average":0.0,"vote_count":0},{"adult":false,"backdrop_path":null,"id":102817,"original_title":"Quentin Tarantino's Star Wars","release_date":"2002-06-09","poster_path":null,"popularity":0.4,"title":"Quentin Tarantino's Star Wars","vote_average":0.0,"vote_count":0},{"adult":false,"backdrop_path":"/kQRfHDUoOSv1l4WjKOcql1iPqFx.jpg","id":172086,"original_title":"Star Wars Uncut: Director's Cut","release_date":"2012-01-18","poster_path":"/d5zOTgQKGmEacmOORKmOH9VHsXs.jpg","popularity":0.300032,"title":"Star Wars Uncut: Director's Cut","vote_average":0.0,"vote_count":0},{"adult":false,"backdrop_path":"/clFZZNDIZJp3s2KdeI4hUVXrAK4.jpg","id":191752,"original_title":"Star Wars: Clone Wars - Volume 1","release_date":"2003-11-07","poster_path":"/bXJAoCwXCQOxf44GqShnJWz3NiX.jpg","popularity":0.83328,"title":"Star Wars: Clone Wars - Volume 1","vote_average":0.0,"vote_count":0},{"adult":false,"backdrop_path":"/AkE7LQs2hPMG5tpWYcum847Knre.jpg","id":1891,"original_title":"Star Wars: Episode V - The Empire Strikes Back","release_date":"1980-05-21","poster_path":"/6u1fYtxG5eqjhtCPDx04pJphQRW.jpg","popularity":7.59415830379968,"title":"Star Wars: Episode V - The Empire Strikes Back","vote_average":8.5,"vote_count":204},{"adult":false,"backdrop_path":"/4iJfYYoQzZcONB9hNzg0J0wWyPH.jpg","id":11,"original_title":"Star Wars: Episode IV - A New Hope","release_date":"1977-05-25","poster_path":"/tvSlBzAdRE29bZe5yYWrJ2ds137.jpg","popularity":7.55343115511071,"title":"Star Wars: Episode IV - A New Hope","vote_average":8.3,"vote_count":206},{"adult":false,"backdrop_path":"/bvJOpyHYWACDusvQvXxKEHFNjce.jpg","id":1892,"original_title":"Star Wars: Episode VI - Return of the Jedi","release_date":"1983-05-25","poster_path":"/jx5p0aHlbPXqe3AH9G15NvmWaqQ.jpg","popularity":4.90647587925978,"title":"Star Wars: Episode VI - Return of the Jedi","vote_average":8.2,"vote_count":143},{"adult":false,"backdrop_path":"/rtG5TRrQXf11jlO9WqcYTq46jKa.jpg","id":1893,"original_title":"Star Wars: Episode I - The Phantom Menace","release_date":"1999-05-19","poster_path":"/n8V09dDc02KsSN6Q4hC2BX6hN8X.jpg","popularity":4.77807914158959,"title":"Star Wars: Episode I - The Phantom Menace","vote_average":6.5,"vote_count":107},{"adult":false,"backdrop_path":"/Fecrlcciq3b9XRKvWOL9OoDfwN.jpg","id":1895,"original_title":"Star Wars: Episode III - Revenge of the Sith","release_date":"2005-05-19","poster_path":"/tgr5Pdy7ehZYBqBkN2K7Q02xgOb.jpg","popularity":4.25222302323221,"title":"Star Wars: Episode III - Revenge of the Sith","vote_average":7.2,"vote_count":88},{"adult":false,"backdrop_path":"/560F7BPaxRy8BsOfVU6cW4ivM46.jpg","id":1894,"original_title":"Star Wars: Episode II - Attack of the Clones","release_date":"2002-05-16","poster_path":"/2vcNFtrZXNwIcBgH5e2xXCmVR8t.jpg","popularity":3.96384692053505,"title":"Star Wars: Episode II - Attack of the Clones","vote_average":6.9,"vote_count":97},{"adult":false,"backdrop_path":"/sBAyZPvS3RmX6SFr0fJ9bDeRmP5.jpg","id":74823,"original_title":"Star Wars: Droids - Treasure of the Hidden Planet","release_date":"1997-02-11","poster_path":"/sFQatyz7dCONSlQg6NP3F3kJ0QP.jpg","popularity":1.0,"title":"Star Wars: Droids - Treasure of the Hidden Planet","vote_average":0.0,"vote_count":0},{"adult":false,"backdrop_path":"/xd9pBqCHxHpIqtHmAZMIWPtLthS.jpg","id":35795,"original_title":"From 'Star Wars' to 'Jedi': The Making of a Saga","release_date":"1983-12-03","poster_path":"/59ljRbtIec59zH8ktCsDbbuct7M.jpg","popularity":0.348098,"title":"From 'Star Wars' to 'Jedi': The Making of a Saga","vote_average":8.4,"vote_count":2},{"adult":false,"backdrop_path":"/vrVM1U6zhCZP2xCiZHgUDtXzT2S.jpg","id":81233,"original_title":"Lego Star Wars: The Quest for R2-D2","release_date":"2009-08-27","poster_path":"/g0D1xWVOLKAzpCKUtaW0Vaop57f.jpg","popularity":0.2,"title":"Lego Star Wars: The Quest for R2-D2","vote_average":0.0,"vote_count":0},{"adult":false,"backdrop_path":"/gmLMaDXi4lFWG8WitaCYOJS5GtL.jpg","id":12180,"original_title":"Star Wars: The Clone Wars","release_date":"2008-08-15","poster_path":"/xd6yhmtS6mEURZLwUDT5raEMbf.jpg","popularity":1.56596882624772,"title":"Star Wars: The Clone Wars","vote_average":7.1,"vote_count":13},{"adult":false,"backdrop_path":null,"id":140607,"original_title":"Star Wars: Episode VII","release_date":"2015-01-01","poster_path":"/t3aXDG1ktf6cRJ6iK4epQKxh6Ey.jpg","popularity":1.17506764063614,"title":"Star Wars: Episode VII","vote_average":0.0,"vote_count":0},{"adult":false,"backdrop_path":"/ie6u0zegHcVJEtHSpYn0KgEogrD.jpg","id":74849,"original_title":"Star Wars: Holiday Special","release_date":"1978-11-17","poster_path":"/lLzVJ5vTrGVtQ7M5IAmad2O6RWO.jpg","popularity":0.2948443447329,"title":"Star Wars: Holiday Special","vote_average":2.7,"vote_count":3},{"adult":false,"backdrop_path":null,"id":72448,"original_title":"Star Wars: A Musical Journey","release_date":"2005-01-01","poster_path":"/niT5GgKifof3VnBt0T1nkmeEyDR.jpg","popularity":0.26,"title":"Star Wars: A Musical Journey","vote_average":0.0,"vote_count":0},{"adult":false,"backdrop_path":"/ckB7tAeffem19fIkqN7b46fLsBL.jpg","id":75817,"original_title":"Star Wars Begins","release_date":"2011-02-01","poster_path":"/1GTp798tpiZ8MsjQdsZEHNhLKwA.jpg","popularity":0.26,"title":"Star Wars Begins","vote_average":0.0,"vote_count":0},{"adult":false,"backdrop_path":"/cmImr7dgEKq1li9ux9hfdaaif5J.jpg","id":80829,"original_title":"Star Wars: Revelations","release_date":"2005-04-16","poster_path":"/7ocWi5hcPOzqyseLjOpeZR3TIfC.jpg","popularity":0.26,"title":"Star Wars: Revelations","vote_average":0.0,"vote_count":0}],"total_pages":3,"total_results":45}