{"page":1,"results":[{"adult":false,"id":8784,"name":"Daniel Craig","popularity":3.84871389653271,"profile_path":"/h8pfDEYJEIFhIuhwiYZGmgtwc8s.jpg"},{"adult":false,"id":1271053,"name":"Hal Craig","popularity":3.5,"profile_path":null},{"adult":false,"id":1205132,"name":"Craig Dabbs","popularity":3.01,"profile_path":null},{"adult":false,"id":1257848,"name":"Craig Gerber","popularity":3.01,"profile_path":null},{"adult":false,"id":222006,"name":"Craig Young","popularity":2.8,"profile_path":null},{"adult":false,"id":937176,"name":"Pamela Craig","popularity":2.8,"profile_path":null},{"adult":false,"id":1229620,"name":"Kristin Craig","popularity":2.8,"profile_path":null},{"adult":false,"id":1150228,"name":"Craig Adams","popularity":2.8,"profile_path":null},{"adult":false,"id":204972,"name":"Craig Fraser","popularity":2.8,"profile_path":null},{"adult":false,"id":1269562,"name":"Craig Thomson","popularity":2.8,"profile_path":null},{"adult":false,"id":1269580,"name":"Edith Craig","popularity":2.8,"profile_path":null},{"adult":false,"id":1268419,"name":"Charles Craig","popularity":2.8,"profile_path":null},{"adult":false,"id":82140,"name":"Craig Blair","popularity":2.31,"profile_path":null},{"adult":false,"id":1201999,"name":"Craig Cole","popularity":2.31,"profile_path":null},{"adult":false,"id":99362,"name":"Craig Shapiro","popularity":2.1,"profile_path":null},{"adult":false,"id":92064,"name":"Craig Gordon","popularity":2.1,"profile_path":null},{"adult":false,"id":61164,"name":"Craig March","popularity":2.1,"profile_path":null},{"adult":false,"id":79434,"name":"Craig Zobel","popularity":2.1,"profile_path":null},{"adult":false,"id":158036,"name":"Craig Hauer","popularity":2.1,"profile_path":null},{"adult":false,"id":198133,"name":"Thomas Craig","popularity":2.1,"profile_path":null}],"total_pages":46,"total_results":918}